{"cameraMode":{"drawMode":0,"name":"Shaded","section":"Shading Mode"},"sceneLighting":true,"audioPlay":false,"sceneViewState":{"showFog":true,"showMaterialUpdate":true,"showSkybox":true,"showFlares":true,"showImageEffects":true,"showParticleSystems":true},"in2DMode":false,"pivot":{"x":-1.3108406066894532,"y":5.103057861328125,"z":72.93753814697266},"rotation":{"x":0.3868643343448639,"y":0.5175913572311401,"z":-0.2824254035949707,"w":0.7089930176734924},"size":112.45121765136719,"orthographic":false}